Id,Nombre,Costo,iva
2879,Auriculares inalámbricos,560594,106512.86
3830,Impresora láser,755599,143563.81
5345,Reloj inteligente,325010,61751.9
2698,Tableta,310430,58981.7
5188,Smartphone,638808,121373.52
3781,Licuadora,784447,149044.93
4083,Gafas de sol,714546,135763.74
5169,Perfume,756392,143714.48
4254,Máquina de ejercicio,138761,26364.59
4092,Tableta,454002,86260.38
5142,Impresora láser,341587,64901.53
3503,Impresora láser,106146,20167.74
4332,Reloj inteligente,737580,140140.2
3624,Smartphone,325126,61773.94
3181,Gafas de sol,346011,65742.09
4151,Maleta de viaje,687568,130637.92
3231,Laptop,738950,140400.5
3058,Gafas de sol,108055,20530.45
3898,Impresora láser,74106,14080.14
5119,Laptop,358752,68162.88
2982,Licuadora,403970,76754.3
2921,Altavoz Bluetooth,170457,32386.83
3442,Máquina de ejercicio,790425,150180.75
4421,Máquina de ejercicio,179890,34179.1
3046,Perfume,132067,25092.73
4067,Cafetera,710400,134976.0
3860,Televisor LED,182902,34751.38
3701,Bicicleta de montaña,689897,131080.43
4934,Cámara digital,450474,85590.06
2834,Zapatos deportivos,674870,128225.3
3939,Refrigerador,260239,49445.41
4701,Impresora láser,64872,12325.68
4333,Cámara digital,797417,151509.23
2780,Tableta,373821,71025.99
3201,Juego de sartenes,487337,92594.03
3283,Cafetera,319186,60645.340000000004
4168,Smartphone,77891,14799.29
2727,Maleta de viaje,794208,150899.52
4138,Reloj inteligente,129442,24593.98
4071,Cafetera,180355,34267.45
5071,Smartphone,536097,101858.43000000001
3129,Refrigerador,175387,33323.53
5230,Reloj inteligente,706756,134283.64
4325,Impresora láser,112254,21328.260000000002
3763,Auriculares inalámbricos,790832,150258.08000000002
4800,Maleta de viaje,450168,85531.92
4604,Maleta de viaje,412563,78386.97
4190,Vestido de noche,164611,31276.09
4503,Zapatos deportivos,149103,28329.57
4727,Perfume,635911,120823.09
3531,Cámara digital,709491,134803.29
3736,Gafas de sol,435614,82766.66
3339,Maleta de viaje,73694,14001.86
5339,Perfume,453613,86186.47
4988,Impresora láser,168865,32084.350000000002
3169,Juego de sartenes,406133,77165.27
3517,Zapatos deportivos,326748,62082.12
3981,Perfume,586334,111403.46
4522,Reloj inteligente,380180,72234.2
3365,Cafetera,351827,66847.13
4144,Tableta,105570,20058.3
5300,Cafetera,204534,38861.46
5168,Smartphone,642709,122114.71
3420,Perfume,365411,69428.09
4321,Cafetera,681571,129498.49
3507,Gafas de sol,184160,34990.4
3461,Impresora láser,348474,66210.06
3830,Auriculares inalámbricos,159434,30292.46
5396,Maleta de viaje,598565,113727.35
3557,Perfume,231565,43997.35
3777,Bicicleta de montaña,238637,45341.03
3666,Reloj inteligente,461007,87591.33
4284,Zapatos deportivos,405915,77123.85
4988,Licuadora,784405,149036.95
3824,Televisor LED,350075,66514.25
5278,Licuadora,393985,74857.15
4428,Cafetera,208753,39663.07
4526,Perfume,277783,52778.770000000004
3371,Reloj inteligente,543965,103353.35
2804,Tableta,691433,131372.27
3332,Cafetera,588457,111806.83
4669,Bicicleta de montaña,269284,51163.96
4549,Máquina de ejercicio,66525,12639.75
2701,Refrigerador,652389,123953.91
4154,Cafetera,73680,13999.2
4223,Juego de sartenes,552057,104890.83
3363,Perfume,680580,129310.2
3190,Impresora láser,417062,79241.78
3611,Altavoz Bluetooth,167121,31752.99
3988,Licuadora,339997,64599.43
5036,Perfume,515657,97974.83
3829,Cafetera,792301,150537.19
3034,Laptop,369452,70195.88
2733,Smartphone,418918,79594.42
3263,Perfume,177906,33802.14
4611,Laptop,205167,38981.73
4740,Altavoz Bluetooth,751781,142838.39
4107,Televisor LED,81309,15448.710000000001
3640,Cafetera,494169,93892.11
5164,Vestido de noche,323345,61435.55
3125,Tableta,191554,36395.26
3040,Gafas de sol,777377,147701.63
4219,Máquina de ejercicio,712411,135358.09
4213,Televisor LED,577940,109808.6
4590,Máquina de ejercicio,720937,136978.03
5201,Perfume,634194,120496.86
2872,Laptop,344810,65513.9
3650,Maleta de viaje,272347,51745.93
3447,Cafetera,493792,93820.48
4076,Auriculares inalámbricos,219902,41781.38
4226,Refrigerador,510651,97023.69
3495,Smartphone,474996,90249.24
3592,Laptop,465893,88519.67
4861,Perfume,735303,139707.57
3677,Licuadora,762293,144835.67
5088,Cámara digital,469432,89192.08
2901,Reloj inteligente,635071,120663.49
5202,Máquina de ejercicio,414880,78827.2
2945,Tableta,448964,85303.16
3245,Altavoz Bluetooth,385144,73177.36
4181,Tableta,444467,84448.73
2863,Maleta de viaje,680805,129352.95
3961,Reloj inteligente,660745,125541.55
4500,Smartphone,104592,19872.48
4869,Smartphone,188146,35747.74
3734,Bicicleta de montaña,97422,18510.18
3418,Gafas de sol,195025,37054.75
5297,Juego de sartenes,513791,97620.29000000001
3273,Máquina de ejercicio,333242,63315.98
4771,Impresora láser,684008,129961.52
5121,Bicicleta de montaña,523588,99481.72
5237,Refrigerador,142633,27100.27
3248,Impresora láser,318553,60525.07
4584,Vestido de noche,273399,51945.81
4185,Máquina de ejercicio,173047,32878.93
3255,Impresora láser,99732,18949.08
4656,Smartphone,504097,95778.43000000001
4863,Máquina de ejercicio,306642,58261.98
3954,Cámara digital,605706,115084.14
3365,Vestido de noche,719755,136753.45
2958,Auriculares inalámbricos,331853,63052.07
3005,Impresora láser,105009,19951.71
2777,Altavoz Bluetooth,749217,142351.23
3080,Altavoz Bluetooth,656343,124705.17
4538,Smartphone,428556,81425.64
4071,Tableta,365493,69443.67
3070,Laptop,89962,17092.78
4611,Tableta,326145,61967.55
4844,Juego de sartenes,484992,92148.48
2834,Bicicleta de montaña,167082,31745.58
3446,Zapatos deportivos,82055,15590.45
4628,Smartphone,213649,40593.31
4432,Perfume,318798,60571.62
3948,Cafetera,166353,31607.07
2793,Tableta,745580,141660.2
4292,Bicicleta de montaña,681477,129480.63
3251,Smartphone,569183,108144.77
3323,Juego de sartenes,279926,53185.94
3980,Vestido de noche,83073,15783.87
4031,Tableta,674307,128118.33
4452,Tableta,577730,109768.7
2701,Juego de sartenes,428767,81465.73
5312,Juego de sartenes,333373,63340.87
4677,Perfume,186625,35458.75
5302,Refrigerador,671000,127490.0
4529,Cafetera,263763,50114.97
3646,Juego de sartenes,528020,100323.8
4538,Laptop,774288,147114.72
3961,Gafas de sol,675492,128343.48
2987,Laptop,295277,56102.63
3150,Altavoz Bluetooth,504938,95938.22
4259,Laptop,261776,49737.44
2949,Auriculares inalámbricos,313293,59525.67
3791,Altavoz Bluetooth,295626,56168.94
2964,Zapatos deportivos,417697,79362.43000000001
5047,Cafetera,148810,28273.9
3275,Gafas de sol,291575,55399.25
4352,Bicicleta de montaña,761889,144758.91
3385,Perfume,527371,100200.49
3651,Refrigerador,235037,44657.03
4691,Maleta de viaje,315835,60008.65
5100,Altavoz Bluetooth,414655,78784.45
4187,Perfume,235789,44799.91
4032,Televisor LED,738480,140311.2
2874,Auriculares inalámbricos,558883,106187.77
5147,Cámara digital,322492,61273.48
3767,Refrigerador,104353,19827.07
4212,Perfume,618779,117568.01
5288,Bicicleta de montaña,105274,20002.06
3964,Cafetera,234907,44632.33
3969,Maleta de viaje,474572,90168.68000000001
4256,Laptop,121816,23145.04
3578,Televisor LED,199778,37957.82
2757,Altavoz Bluetooth,775681,147379.39
3888,Cafetera,603665,114696.35
3573,Smartphone,252472,47969.68
5018,Cámara digital,642268,122030.92
3323,Bicicleta de montaña,411982,78276.58
4380,Refrigerador,112295,21336.05
2974,Impresora láser,358395,68095.05
3262,Licuadora,73670,13997.3
3192,Laptop,661887,125758.53
5218,Smartphone,104213,19800.47
2940,Impresora láser,298908,56792.520000000004
3551,Licuadora,630227,119743.13
5030,Maleta de viaje,437719,83166.61
2817,Cafetera,617008,117231.52
5081,Licuadora,659377,125281.63
5307,Zapatos deportivos,589761,112054.59
2728,Televisor LED,673331,127932.89
3189,Gafas de sol,366891,69709.29
5404,Altavoz Bluetooth,309080,58725.2
3559,Altavoz Bluetooth,240242,45645.98
4125,Smartphone,607607,115445.33
3084,Impresora láser,505392,96024.48
3860,Altavoz Bluetooth,414992,78848.48
3947,Televisor LED,304429,57841.51
3248,Altavoz Bluetooth,577358,109698.02
5016,Máquina de ejercicio,662474,125870.06
4002,Auriculares inalámbricos,85493,16243.67
5006,Refrigerador,160500,30495.0
5157,Cámara digital,272170,51712.3
4908,Auriculares inalámbricos,480829,91357.51
2769,Impresora láser,219930,41786.7
5403,Laptop,109966,20893.54
4161,Maleta de viaje,124714,23695.66
4794,Impresora láser,461017,87593.23
3794,Juego de sartenes,105985,20137.15
4105,Zapatos deportivos,387414,73608.66
3511,Cafetera,558646,106142.74
4528,Smartphone,265654,50474.26
3860,Vestido de noche,156621,29757.99
4953,Laptop,105945,20129.55
5401,Máquina de ejercicio,569023,108114.37
4431,Bicicleta de montaña,120718,22936.420000000002
4045,Gafas de sol,173152,32898.88
3348,Auriculares inalámbricos,402211,76420.09
4648,Maleta de viaje,316304,60097.76
4014,Altavoz Bluetooth,460923,87575.37
3108,Cámara digital,731007,138891.33
5411,Cafetera,485444,92234.36
3168,Máquina de ejercicio,520869,98965.11
4810,Laptop,83856,15932.64
5138,Impresora láser,425409,80827.71
5213,Cámara digital,229296,43566.24
4068,Smartphone,644401,122436.19
5316,Licuadora,56783,10788.77
2968,Auriculares inalámbricos,286044,54348.36
4351,Altavoz Bluetooth,405702,77083.38
4667,Reloj inteligente,514922,97835.18000000001
4497,Altavoz Bluetooth,687673,130657.87
3366,Zapatos deportivos,337236,64074.840000000004
3134,Smartphone,130110,24720.9
4672,Zapatos deportivos,598168,113651.92
3998,Gafas de sol,578199,109857.81
5245,Licuadora,263995,50159.05
3006,Juego de sartenes,745463,141637.97
2730,Smartphone,377540,71732.6
4044,Auriculares inalámbricos,501551,95294.69
4994,Auriculares inalámbricos,372182,70714.58
3159,Máquina de ejercicio,234896,44630.24
3512,Auriculares inalámbricos,703398,133645.62
5331,Licuadora,324420,61639.8
4168,Licuadora,719100,136629.0
5372,Impresora láser,473531,89970.89
4673,Bicicleta de montaña,498177,94653.63
4176,Tableta,629074,119524.06
4352,Perfume,354174,67293.06
3539,Perfume,490525,93199.75
5191,Gafas de sol,112392,21354.48
2831,Maleta de viaje,419066,79622.54000000001
4262,Tableta,154717,29396.23
3190,Altavoz Bluetooth,629184,119544.96
3690,Auriculares inalámbricos,717699,136362.81
3730,Smartphone,799761,151954.59
2707,Juego de sartenes,413951,78650.69
2934,Altavoz Bluetooth,61921,11764.99
4016,Máquina de ejercicio,384480,73051.2
3066,Televisor LED,364683,69289.77
4005,Refrigerador,271660,51615.4
3463,Gafas de sol,396864,75404.16
3740,Juego de sartenes,423986,80557.34
4906,Cámara digital,578877,109986.63
3270,Smartphone,658939,125198.41
5226,Laptop,572012,108682.28
4229,Juego de sartenes,360300,68457.0
4450,Gafas de sol,436324,82901.56
3527,Gafas de sol,514956,97841.64
3293,Smartphone,128174,24353.06
3738,Máquina de ejercicio,408678,77648.82
3749,Tableta,297472,56519.68
2704,Auriculares inalámbricos,423131,80394.89
2769,Smartphone,345238,65595.22
5344,Impresora láser,387563,73636.97
2955,Cafetera,548402,104196.38
2859,Refrigerador,265909,50522.71
5089,Reloj inteligente,89727,17048.13
4217,Altavoz Bluetooth,282062,53591.78
2878,Cámara digital,53905,10241.95
2986,Laptop,566940,107718.6
5178,Gafas de sol,429870,81675.3
2798,Vestido de noche,792152,150508.88
3300,Bicicleta de montaña,550624,104618.56
3075,Reloj inteligente,545228,103593.32
3547,Tableta,780630,148319.7
4242,Máquina de ejercicio,111372,21160.68
3456,Juego de sartenes,285591,54262.29
3934,Zapatos deportivos,459383,87282.77
3340,Máquina de ejercicio,519348,98676.12
5273,Juego de sartenes,767837,145889.03
3455,Perfume,330908,62872.520000000004
5271,Impresora láser,203173,38602.87
4661,Maleta de viaje,197806,37583.14
3000,Vestido de noche,524583,99670.77
4562,Reloj inteligente,343834,65328.46
2723,Cafetera,695002,132050.38
4651,Maleta de viaje,174723,33197.37
3140,Auriculares inalámbricos,638096,121238.24
4705,Altavoz Bluetooth,376120,71462.8
3250,Perfume,475012,90252.28
4907,Perfume,342615,65096.85
3865,Máquina de ejercicio,261621,49707.99
3445,Maleta de viaje,774683,147189.77
3619,Auriculares inalámbricos,450211,85540.09
3362,Maleta de viaje,307220,58371.8
3203,Cámara digital,342913,65153.47
4559,Bicicleta de montaña,77115,14651.85
4196,Tableta,653968,124253.92
3760,Refrigerador,555918,105624.42
5299,Gafas de sol,111827,21247.13
4335,Máquina de ejercicio,298401,56696.19
2712,Vestido de noche,523106,99390.14
4021,Perfume,555719,105586.61
4746,Gafas de sol,68893,13089.67
3803,Cafetera,120496,22894.24
3807,Impresora láser,349693,66441.67
3208,Laptop,351944,66869.36
3601,Altavoz Bluetooth,588278,111772.82
3245,Vestido de noche,198599,37733.81
5193,Televisor LED,55511,10547.09
4558,Zapatos deportivos,315816,60005.04
5306,Televisor LED,510513,96997.47
4881,Gafas de sol,681260,129439.40000000001
2976,Tableta,674425,128140.75
5264,Impresora láser,491566,93397.54000000001
5209,Impresora láser,301016,57193.04
3001,Tableta,70910,13472.9
3668,Reloj inteligente,630261,119749.59
4978,Maleta de viaje,113342,21534.98
4464,Televisor LED,289584,55020.96
3691,Reloj inteligente,231877,44056.63
4842,Televisor LED,485067,92162.73
5086,Televisor LED,571952,108670.88
4362,Refrigerador,783991,148958.29
3566,Reloj inteligente,558750,106162.5
4818,Televisor LED,159490,30303.1
3942,Laptop,578684,109949.96
5375,Maleta de viaje,161822,30746.18
4006,Vestido de noche,280964,53383.16
4507,Bicicleta de montaña,634694,120591.86
5009,Cámara digital,499481,94901.39
2918,Auriculares inalámbricos,704126,133783.94
4353,Cafetera,352454,66966.26
3566,Tableta,143435,27252.65
3846,Vestido de noche,722394,137254.86000000002
2832,Maleta de viaje,170919,32474.61
3774,Maleta de viaje,467264,88780.16
4680,Laptop,589304,111967.76
4830,Laptop,423228,80413.32
2922,Licuadora,255708,48584.520000000004
4806,Zapatos deportivos,481732,91529.08
4634,Perfume,398126,75643.94
4283,Maleta de viaje,275205,52288.95
5397,Auriculares inalámbricos,193984,36856.96
4680,Máquina de ejercicio,763761,145114.59
4900,Impresora láser,443499,84264.81
2773,Smartphone,229719,43646.61
4100,Laptop,742291,141035.29
4455,Gafas de sol,554509,105356.71
3470,Licuadora,615898,117020.62
5241,Laptop,111730,21228.7
3368,Smartphone,463545,88073.55
3780,Licuadora,460209,87439.71
4128,Reloj inteligente,452606,85995.14
5023,Auriculares inalámbricos,343720,65306.8
5094,Zapatos deportivos,743821,141325.99
5059,Tableta,289097,54928.43
4781,Juego de sartenes,363312,69029.28
4777,Gafas de sol,187884,35697.96
3483,Licuadora,67879,12897.01
3088,Televisor LED,197062,37441.78
2855,Tableta,798594,151732.86000000002
3552,Reloj inteligente,491318,93350.42
4655,Impresora láser,660836,125558.84
4563,Laptop,624493,118653.67
4350,Impresora láser,641851,121951.69
4547,Perfume,366977,69725.63
3796,Cafetera,339233,64454.270000000004
3765,Laptop,279985,53197.15
3350,Bicicleta de montaña,150807,28653.33
4038,Máquina de ejercicio,611465,116178.35
4934,Máquina de ejercicio,369016,70113.04
4628,Máquina de ejercicio,268530,51020.7
5206,Auriculares inalámbricos,510719,97036.61
3292,Cafetera,328118,62342.42
4951,Máquina de ejercicio,328433,62402.270000000004
3171,Tableta,271706,51624.14
2842,Maleta de viaje,337569,64138.11
3597,Auriculares inalámbricos,370756,70443.64
3000,Máquina de ejercicio,609470,115799.3
2802,Juego de sartenes,193883,36837.77
3720,Bicicleta de montaña,493524,93769.56
4956,Gafas de sol,544193,103396.67
3048,Tableta,621718,118126.42
4009,Reloj inteligente,323135,61395.65
4582,Laptop,52308,9938.52
5239,Televisor LED,131501,24985.19
4641,Maleta de viaje,115391,21924.29
4527,Smartphone,100679,19129.010000000002
4221,Vestido de noche,704220,133801.8
4275,Cámara digital,590908,112272.52
3659,Auriculares inalámbricos,488108,92740.52
3772,Juego de sartenes,694452,131945.88
3606,Reloj inteligente,108430,20601.7
3955,Juego de sartenes,787189,149565.91
2985,Perfume,604024,114764.56
4730,Reloj inteligente,306402,58216.38
2805,Smartphone,77102,14649.380000000001
4200,Bicicleta de montaña,231482,43981.58
4042,Vestido de noche,667421,126809.99
4653,Cámara digital,595278,113102.82
4536,Reloj inteligente,627030,119135.7
4526,Perfume,646288,122794.72
4189,Tableta,748070,142133.3
4593,Zapatos deportivos,133374,25341.06
4552,Perfume,565623,107468.37
3757,Tableta,121041,22997.79
3675,Bicicleta de montaña,53842,10229.98
4795,Perfume,491103,93309.57
3231,Impresora láser,465831,88507.89
4319,Refrigerador,728636,138440.84
4629,Gafas de sol,259940,49388.6
4443,Maleta de viaje,527259,100179.21
5005,Gafas de sol,69822,13266.18
4841,Refrigerador,747979,142116.01
3574,Perfume,473207,89909.33
2928,Juego de sartenes,784589,149071.91
2936,Cafetera,135760,25794.4
2931,Máquina de ejercicio,68175,12953.25
3603,Impresora láser,425647,80872.93000000001
2829,Licuadora,307767,58475.73
3192,Máquina de ejercicio,269378,51181.82
3306,Tableta,285894,54319.86
5053,Refrigerador,89878,17076.82
4537,Maleta de viaje,151185,28725.15
2834,Perfume,732607,139195.33
4717,Juego de sartenes,633641,120391.79000000001
5107,Bicicleta de montaña,359942,68388.98
5366,Impresora láser,274172,52092.68
3123,Gafas de sol,710824,135056.56
3666,Juego de sartenes,242325,46041.75
3288,Tableta,494065,93872.35
2989,Impresora láser,619408,117687.52
4817,Tableta,199792,37960.48
3702,Auriculares inalámbricos,499462,94897.78
4488,Gafas de sol,584474,111050.06
2965,Gafas de sol,355345,67515.55
2759,Altavoz Bluetooth,723617,137487.23
3393,Bicicleta de montaña,735192,139686.48
5355,Reloj inteligente,655801,124602.19
2832,Altavoz Bluetooth,722881,137347.39
4967,Refrigerador,625547,118853.93000000001
3660,Reloj inteligente,480186,91235.34
5199,Vestido de noche,218694,41551.86
3295,Licuadora,787083,149545.77
4187,Maleta de viaje,64210,12199.9
4269,Maleta de viaje,364166,69191.54
3244,Zapatos deportivos,379216,72051.04
3241,Licuadora,116931,22216.89
5018,Tableta,268346,50985.74
4462,Laptop,640074,121614.06
2794,Juego de sartenes,601028,114195.32
4772,Laptop,129190,24546.1
4930,Auriculares inalámbricos,748742,142260.98
4053,Juego de sartenes,300580,57110.2
4802,Altavoz Bluetooth,652792,124030.48
2931,Licuadora,502979,95566.01
4993,Laptop,760391,144474.29
3435,Vestido de noche,733664,139396.16
5079,Refrigerador,205827,39107.13
5090,Cámara digital,641108,121810.52
3188,Gafas de sol,346951,65920.69
3007,Smartphone,604892,114929.48
3254,Vestido de noche,576613,109556.47
3372,Juego de sartenes,571684,108619.96
3399,Zapatos deportivos,721149,137018.31
4073,Maleta de viaje,240922,45775.18
5053,Laptop,80159,15230.210000000001
5239,Bicicleta de montaña,672519,127778.61
2978,Gafas de sol,567692,107861.48
5272,Máquina de ejercicio,454425,86340.75
3438,Licuadora,84894,16129.86
4984,Perfume,494650,93983.5
4325,Impresora láser,280765,53345.35
4755,Reloj inteligente,722678,137308.82
4774,Licuadora,350011,66502.09
3817,Auriculares inalámbricos,145133,27575.27
4309,Perfume,191401,36366.19
4685,Smartphone,734342,139524.98
2950,Bicicleta de montaña,630475,119790.25
2727,Refrigerador,659122,125233.18000000001
3231,Televisor LED,467183,88764.77
2769,Tableta,485168,92181.92
5409,Vestido de noche,771491,146583.29
5287,Zapatos deportivos,792185,150515.15
4753,Altavoz Bluetooth,208063,39531.97
4209,Tableta,694004,131860.76
5227,Laptop,526365,100009.35
5271,Juego de sartenes,201447,38274.93
4270,Cámara digital,696672,132367.68
5240,Maleta de viaje,174552,33164.88
4521,Licuadora,794521,150958.99
4991,Laptop,694344,131925.36000000002
4067,Licuadora,330679,62829.01
5420,Perfume,79674,15138.06
3437,Laptop,438342,83284.98
3125,Gafas de sol,718969,136604.11000000002
3926,Impresora láser,62025,11784.75
4499,Vestido de noche,313286,59524.340000000004
3214,Gafas de sol,237921,45204.99
5196,Auriculares inalámbricos,407040,77337.6
3837,Reloj inteligente,769520,146208.8
4318,Licuadora,610579,116010.01
3895,Televisor LED,561457,106676.83
5058,Máquina de ejercicio,360439,68483.41
3159,Cámara digital,453216,86111.04000000001
3874,Licuadora,384589,73071.91
4902,Altavoz Bluetooth,682038,129587.22
2724,Altavoz Bluetooth,233051,44279.69
3224,Perfume,499854,94972.26
3196,Perfume,379464,72098.16
4197,Cafetera,642977,122165.63
3590,Vestido de noche,627585,119241.15
4364,Máquina de ejercicio,679922,129185.18000000001
4828,Cámara digital,504286,95814.34
3394,Licuadora,318802,60572.38
3111,Auriculares inalámbricos,259026,49214.94
2835,Tableta,191807,36443.33
3252,Refrigerador,315504,59945.76
4853,Juego de sartenes,231951,44070.69
3057,Bicicleta de montaña,519076,98624.44
4993,Juego de sartenes,286681,54469.39
4674,Impresora láser,773856,147032.64
4793,Auriculares inalámbricos,529284,100563.96
4015,Altavoz Bluetooth,273999,52059.81
4068,Juego de sartenes,581668,110516.92
3607,Juego de sartenes,517720,98366.8
3630,Vestido de noche,748029,142125.51
2783,Reloj inteligente,372839,70839.41
2818,Gafas de sol,724909,137732.71
2828,Vestido de noche,618843,117580.17
5282,Laptop,559578,106319.82
5093,Impresora láser,708287,134574.53
4738,Smartphone,444456,84446.64
3776,Cámara digital,251750,47832.5
3396,Vestido de noche,208413,39598.47
4057,Gafas de sol,564141,107186.79000000001
3702,Laptop,337736,64169.840000000004
2914,Smartphone,281386,53463.340000000004
4662,Televisor LED,291121,55312.99
3252,Bicicleta de montaña,316742,60180.98
5335,Cafetera,796852,151401.88
3077,Perfume,162478,30870.82
4735,Vestido de noche,292788,55629.72
2957,Juego de sartenes,641638,121911.22
5155,Auriculares inalámbricos,479638,91131.22
2709,Perfume,102926,19555.94
3131,Refrigerador,394254,74908.26
3239,Cámara digital,596977,113425.63
2901,Cafetera,518010,98421.9
5101,Cafetera,469475,89200.25
2759,Smartphone,764920,145334.8
2847,Cafetera,210245,39946.55
3706,Impresora láser,675496,128344.24
4400,Auriculares inalámbricos,686600,130454.0
4773,Smartphone,142641,27101.79
2741,Cámara digital,263716,50106.04
4235,Tableta,394484,74951.96
3427,Licuadora,346796,65891.24
5140,Cafetera,238755,45363.45
3655,Cafetera,343140,65196.6
3215,Auriculares inalámbricos,175620,33367.8
5177,Altavoz Bluetooth,193857,36832.83
3279,Laptop,702905,133551.95
4605,Televisor LED,577489,109722.91
4010,Televisor LED,79671,15137.49
3718,Televisor LED,746736,141879.84
4922,Bicicleta de montaña,334842,63619.98
5078,Televisor LED,466597,88653.43000000001
2960,Maleta de viaje,554163,105290.97
4197,Maleta de viaje,235384,44722.96
3343,Laptop,122254,23228.260000000002
4203,Licuadora,144086,27376.34
4200,Perfume,730426,138780.94
5300,Televisor LED,314799,59811.81
5409,Tableta,370685,70430.15
3129,Televisor LED,339927,64586.13
4930,Altavoz Bluetooth,754636,143380.84
3740,Televisor LED,649446,123394.74
3312,Refrigerador,574944,109239.36
2864,Perfume,561531,106690.89
2773,Cafetera,555701,105583.19
4752,Juego de sartenes,794254,150908.26
4264,Gafas de sol,515538,97952.22
4734,Cámara digital,575380,109322.2
3642,Perfume,468858,89083.02
5113,Perfume,536018,101843.42
3595,Maleta de viaje,724894,137729.86000000002
3942,Refrigerador,567228,107773.32
5190,Vestido de noche,453092,86087.48
4945,Perfume,399946,75989.74
4227,Cafetera,324565,61667.35
5334,Zapatos deportivos,228584,43430.96
3245,Altavoz Bluetooth,457388,86903.72
4837,Vestido de noche,251086,47706.340000000004
2892,Tableta,344547,65463.93
5154,Refrigerador,773417,146949.23
5289,Máquina de ejercicio,657148,124858.12
3293,Reloj inteligente,356626,67758.94
4420,Bicicleta de montaña,701253,133238.07
4931,Zapatos deportivos,550618,104617.42
2878,Licuadora,614887,116828.53
4922,Máquina de ejercicio,580153,110229.07
4732,Televisor LED,528715,100455.85
3169,Laptop,794502,150955.38
3131,Juego de sartenes,68933,13097.27
3000,Televisor LED,221239,42035.41
4258,Zapatos deportivos,165581,31460.39
5282,Tableta,519237,98655.03
3155,Vestido de noche,632958,120262.02
4859,Licuadora,458891,87189.29000000001
3533,Smartphone,563053,106980.07
2754,Cafetera,670132,127325.08
3094,Cafetera,398335,75683.65
5007,Vestido de noche,749682,142439.58
3746,Reloj inteligente,161861,30753.59
4256,Impresora láser,265068,50362.92
3566,Gafas de sol,754046,143268.74
4115,Bicicleta de montaña,562053,106790.07
3521,Cámara digital,738010,140221.9
4521,Licuadora,692542,131582.98
4063,Altavoz Bluetooth,487879,92697.01
3738,Laptop,510315,96959.85
4147,Zapatos deportivos,378858,71983.02
4511,Gafas de sol,299065,56822.35
4027,Perfume,665870,126515.3
2778,Cámara digital,735329,139712.51
5140,Auriculares inalámbricos,60400,11476.0
3217,Cafetera,82199,15617.81
4363,Juego de sartenes,520833,98958.27
3521,Maleta de viaje,217834,41388.46
3312,Licuadora,643907,122342.33
2808,Licuadora,400946,76179.74
5264,Refrigerador,93517,17768.23
3646,Bicicleta de montaña,223008,42371.520000000004
4191,Refrigerador,409734,77849.46
4937,Cámara digital,619815,117764.85
4257,Licuadora,330882,62867.58
2890,Televisor LED,336446,63924.74
3531,Laptop,698392,132694.48
3690,Máquina de ejercicio,696329,132302.51
5127,Altavoz Bluetooth,579441,110093.79000000001
3362,Refrigerador,68126,12943.94
3474,Máquina de ejercicio,789921,150084.99
3418,Gafas de sol,324377,61631.63
2893,Licuadora,312151,59308.69
4420,Altavoz Bluetooth,287830,54687.7
5016,Vestido de noche,788091,149737.29
3111,Maleta de viaje,555117,105472.23
3497,Licuadora,726171,137972.49
5323,Bicicleta de montaña,524817,99715.23
3926,Laptop,305141,57976.79
2783,Perfume,655434,124532.46
5105,Altavoz Bluetooth,726448,138025.12
4782,Auriculares inalámbricos,452945,86059.55
3020,Gafas de sol,97733,18569.27
3828,Laptop,173561,32976.590000000004
4166,Licuadora,161878,30756.82
4534,Auriculares inalámbricos,718375,136491.25
4366,Bicicleta de montaña,333099,63288.81
3002,Bicicleta de montaña,255145,48477.55
4699,Auriculares inalámbricos,753321,143130.99
5245,Tableta,577424,109710.56
5209,Licuadora,750966,142683.54
3728,Reloj inteligente,170394,32374.86
4306,Juego de sartenes,137803,26182.57
3753,Smartphone,499459,94897.21
4869,Licuadora,166652,31663.88
3647,Juego de sartenes,239483,45501.770000000004
5335,Cafetera,502305,95437.95
3438,Perfume,673229,127913.51
2899,Gafas de sol,209434,39792.46
4537,Reloj inteligente,262085,49796.15
2798,Zapatos deportivos,456921,86814.99
3205,Juego de sartenes,343753,65313.07
2734,Reloj inteligente,707264,134380.16
5220,Laptop,148333,28183.27
3859,Televisor LED,797345,151495.55
4459,Refrigerador,180177,34233.63
5166,Tableta,318280,60473.2
3846,Perfume,298984,56806.96
4027,Vestido de noche,155768,29595.920000000002
4321,Impresora láser,305260,57999.4
3864,Licuadora,218440,41503.6
3907,Zapatos deportivos,719786,136759.34
3972,Refrigerador,304499,57854.81
3779,Vestido de noche,97734,18569.46
2745,Gafas de sol,225836,42908.840000000004
5081,Gafas de sol,581965,110573.35
3306,Televisor LED,277383,52702.770000000004
3699,Perfume,580741,110340.79000000001
3458,Laptop,431920,82064.8
3851,Vestido de noche,188730,35858.7
4044,Cámara digital,218215,41460.85
3471,Tableta,225932,42927.08
4507,Smartphone,527435,100212.65
4515,Auriculares inalámbricos,386989,73527.91
3271,Reloj inteligente,152988,29067.72
4930,Reloj inteligente,158578,30129.82
4985,Zapatos deportivos,435520,82748.8
3344,Bicicleta de montaña,572447,108764.93000000001
5302,Altavoz Bluetooth,561241,106635.79000000001
3098,Máquina de ejercicio,147468,28018.920000000002
4556,Tableta,152246,28926.74
3221,Maleta de viaje,258532,49121.08
4339,Perfume,285378,54221.82
5009,Televisor LED,560995,106589.05
5185,Vestido de noche,66075,12554.25
3161,Smartphone,214228,40703.32
3620,Refrigerador,776484,147531.96
3320,Televisor LED,436037,82847.03
2838,Maleta de viaje,714015,135662.85
4705,Cámara digital,101717,19326.23
5143,Juego de sartenes,700927,133176.13
5038,Smartphone,521555,99095.45
3860,Máquina de ejercicio,169962,32292.78
3104,Refrigerador,370901,70471.19
3567,Impresora láser,247677,47058.63
3875,Maleta de viaje,477705,90763.95
4430,Auriculares inalámbricos,291838,55449.22
4895,Zapatos deportivos,75814,14404.66
5015,Cámara digital,391017,74293.23
4502,Altavoz Bluetooth,414254,78708.26
2878,Altavoz Bluetooth,757358,143898.02
4079,Refrigerador,124239,23605.41
4723,Zapatos deportivos,637737,121170.03
3692,Máquina de ejercicio,634535,120561.65
4163,Gafas de sol,132267,25130.73
4842,Televisor LED,456677,86768.63
4506,Laptop,490669,93227.11
3246,Televisor LED,661028,125595.32
3620,Gafas de sol,696713,132375.47
4326,Bicicleta de montaña,583507,110866.33
3347,Cámara digital,425664,80876.16
5316,Smartphone,181128,34414.32
3141,Zapatos deportivos,391232,74334.08
4789,Máquina de ejercicio,550697,104632.43000000001
5171,Tableta,493066,93682.54000000001
4702,Televisor LED,126322,24001.18
4361,Cafetera,213904,40641.76
3479,Refrigerador,123419,23449.61
4744,Juego de sartenes,414130,78684.7
4282,Cafetera,422901,80351.19
3167,Televisor LED,787036,149536.84
3785,Altavoz Bluetooth,200620,38117.8
3059,Maleta de viaje,121780,23138.2
3446,Smartphone,123298,23426.62
2898,Gafas de sol,491755,93433.45
4169,Máquina de ejercicio,648914,123293.66
3417,Televisor LED,511902,97261.38
3338,Perfume,200431,38081.89
4210,Cafetera,139004,26410.760000000002
2705,Laptop,374622,71178.18000000001
3756,Licuadora,617031,117235.89
5296,Cafetera,201363,38258.97
3420,Laptop,163124,30993.56
2758,Vestido de noche,698980,132806.2
5067,Juego de sartenes,50108,9520.52
4442,Vestido de noche,749815,142464.85
4708,Vestido de noche,567340,107794.6
3473,Cafetera,450395,85575.05
2767,Reloj inteligente,795048,151059.12
2767,Impresora láser,550234,104544.46
3877,Cámara digital,549774,104457.06
3274,Refrigerador,67392,12804.48
3347,Gafas de sol,414755,78803.45
5401,Vestido de noche,484775,92107.25
2980,Vestido de noche,453330,86132.7
3146,Smartphone,738701,140353.19
4858,Cafetera,265990,50538.1
3704,Altavoz Bluetooth,107190,20366.1
4424,Televisor LED,477148,90658.12
2982,Laptop,316629,60159.51
3944,Juego de sartenes,618458,117507.02
5055,Gafas de sol,284249,54007.31
3650,Juego de sartenes,789251,149957.69
4889,Laptop,373616,70987.04
3119,Reloj inteligente,187339,35594.41
5209,Tableta,776242,147485.98
4681,Maleta de viaje,150730,28638.7
4495,Televisor LED,307301,58387.19
3421,Smartphone,686389,130413.91
3968,Juego de sartenes,407014,77332.66
5199,Televisor LED,111463,21177.97
4008,Smartphone,258503,49115.57
3267,Maleta de viaje,606235,115184.65
4714,Zapatos deportivos,523589,99481.91
4960,Refrigerador,278189,52855.91
2987,Licuadora,416794,79190.86
4665,Maleta de viaje,322242,61225.98
5038,Maleta de viaje,579686,110140.34
3355,Altavoz Bluetooth,713998,135659.62
2800,Gafas de sol,798545,151723.55
4387,Smartphone,577058,109641.02
3889,Tableta,201518,38288.42
3569,Laptop,626732,119079.08
4735,Licuadora,429439,81593.41
4284,Maleta de viaje,406193,77176.67
4942,Altavoz Bluetooth,253948,48250.12
2718,Auriculares inalámbricos,125898,23920.62
4236,Tableta,307143,58357.17
5293,Maleta de viaje,673982,128056.58
5062,Máquina de ejercicio,735739,139790.41
5050,Perfume,550616,104617.04000000001
3090,Máquina de ejercicio,715790,136000.1
5377,Cámara digital,373401,70946.19
3030,Máquina de ejercicio,694986,132047.34
3636,Cámara digital,285620,54267.8
3950,Zapatos deportivos,57666,10956.54
5081,Perfume,417437,79313.03
5233,Cámara digital,141464,26878.16
5368,Perfume,226846,43100.74
5120,Perfume,424903,80731.57
2888,Altavoz Bluetooth,227330,43192.7
3667,Cámara digital,566015,107542.85
2970,Maleta de viaje,786353,149407.07
3182,Máquina de ejercicio,405644,77072.36
4331,Altavoz Bluetooth,63074,11984.06
2835,Perfume,691100,131309.0
3050,Maleta de viaje,160215,30440.85
5400,Televisor LED,238091,45237.29
2930,Licuadora,591185,112325.15
3109,Juego de sartenes,379455,72096.45
2920,Impresora láser,225776,42897.44
3396,Smartphone,465853,88512.07
4532,Licuadora,247790,47080.1
3157,Altavoz Bluetooth,511587,97201.53
3430,Zapatos deportivos,555892,105619.48
3574,Perfume,723300,137427.0
3088,Perfume,85856,16312.64
3370,Zapatos deportivos,605137,114976.03
4673,Vestido de noche,213681,40599.39
4603,Bicicleta de montaña,723753,137513.07
3513,Gafas de sol,785156,149179.64
3500,Bicicleta de montaña,606116,115162.04000000001
3268,Cafetera,448798,85271.62
3294,Juego de sartenes,742525,141079.75
4022,Refrigerador,396334,75303.46
5122,Cafetera,288548,54824.12
4183,Laptop,665809,126503.71
3703,Altavoz Bluetooth,533714,101405.66
5294,Televisor LED,276065,52452.35
4475,Tableta,475035,90256.65
3022,Cámara digital,764258,145209.02
4535,Vestido de noche,720010,136801.9
3769,Altavoz Bluetooth,145775,27697.25
4546,Impresora láser,294653,55984.07
4845,Televisor LED,670895,127470.05
3236,Máquina de ejercicio,600356,114067.64
4002,Cafetera,210658,40025.020000000004
4694,Auriculares inalámbricos,643806,122323.14
3698,Smartphone,195885,37218.15
4461,Zapatos deportivos,668354,126987.26
4546,Tableta,197401,37506.19
3291,Impresora láser,477490,90723.1
2746,Bicicleta de montaña,454523,86359.37
4306,Juego de sartenes,613787,116619.53
4692,Smartphone,129621,24627.99
4007,Refrigerador,697720,132566.8
3479,Altavoz Bluetooth,263583,50080.770000000004
2707,Auriculares inalámbricos,100679,19129.010000000002
5139,Televisor LED,279802,53162.38
3015,Impresora láser,75496,14344.24
4806,Tableta,498313,94679.47
3121,Smartphone,575843,109410.17
3723,Refrigerador,572856,108842.64
3064,Cafetera,697442,132513.98
4231,Reloj inteligente,96537,18342.03
4374,Cámara digital,50251,9547.69
4387,Máquina de ejercicio,692743,131621.17
2801,Cámara digital,419714,79745.66
3506,Zapatos deportivos,515342,97914.98
5290,Vestido de noche,314603,59774.57
3038,Cámara digital,436225,82882.75
2931,Bicicleta de montaña,645399,122625.81
3953,Máquina de ejercicio,730553,138805.07
4195,Licuadora,753982,143256.58
4230,Smartphone,469454,89196.26
4148,Refrigerador,73274,13922.06
2860,Televisor LED,207313,39389.47
5050,Tableta,623552,118474.88
3526,Bicicleta de montaña,94490,17953.1
3851,Perfume,377515,71727.85
5028,Reloj inteligente,257367,48899.73
4781,Refrigerador,681283,129443.77
4222,Refrigerador,66675,12668.25
2872,Vestido de noche,382391,72654.29
3312,Vestido de noche,280861,53363.590000000004
4328,Perfume,318800,60572.0
4072,Gafas de sol,544516,103458.04000000001
4370,Perfume,223055,42380.45
4916,Maleta de viaje,392463,74567.97
2900,Cafetera,641206,121829.14
3888,Altavoz Bluetooth,250581,47610.39
2941,Refrigerador,711842,135249.98
3313,Auriculares inalámbricos,191503,36385.57
3431,Refrigerador,459538,87312.22
4708,Cafetera,282412,53658.28
3108,Altavoz Bluetooth,603755,114713.45
2792,Vestido de noche,124067,23572.73
4535,Altavoz Bluetooth,425808,80903.52
3089,Juego de sartenes,685374,130221.06
5289,Televisor LED,604811,114914.09
5118,Perfume,77765,14775.35
2948,Maleta de viaje,108956,20701.64
4319,Perfume,617571,117338.49
3324,Juego de sartenes,102604,19494.760000000002
3711,Impresora láser,399012,75812.28
3213,Maleta de viaje,478340,90884.6
4824,Reloj inteligente,248616,47237.04
3153,Vestido de noche,186649,35463.31
4122,Juego de sartenes,393568,74777.92
4639,Refrigerador,610117,115922.23
2788,Laptop,487022,92534.18000000001
4938,Cámara digital,437210,83069.9
5371,Impresora láser,619870,117775.3
3476,Smartphone,156530,29740.7
3375,Reloj inteligente,289352,54976.88
3661,Maleta de viaje,520128,98824.32
3013,Altavoz Bluetooth,259594,49322.86
2871,Vestido de noche,187193,35566.67
5330,Cámara digital,757941,144008.79
3645,Cámara digital,375433,71332.27
2801,Tableta,157701,29963.19
4232,Reloj inteligente,598447,113704.93000000001
3578,Gafas de sol,695553,132155.07
4342,Tableta,157176,29863.44
4505,Televisor LED,290609,55215.71
4304,Perfume,308598,58633.62
4550,Bicicleta de montaña,347849,66091.31
3811,Maleta de viaje,140104,26619.760000000002
2747,Maleta de viaje,277585,52741.15
3724,Juego de sartenes,239358,45478.020000000004
4699,Licuadora,638404,121296.76
5024,Vestido de noche,262495,49874.05
5220,Tableta,769827,146267.13
3596,Vestido de noche,548374,104191.06
3083,Cámara digital,208882,39687.58
3844,Gafas de sol,316828,60197.32
3839,Perfume,450128,85524.32
5300,Laptop,484290,92015.1
2851,Auriculares inalámbricos,317774,60377.06
3117,Juego de sartenes,150363,28568.97
4875,Maleta de viaje,489985,93097.15
3915,Licuadora,94687,17990.53
3688,Cafetera,728832,138478.08
3691,Televisor LED,779779,148158.01
3536,Juego de sartenes,67154,12759.26
4900,Perfume,178041,33827.79
3783,Laptop,718718,136556.42
3853,Maleta de viaje,528170,100352.3
3628,Perfume,768864,146084.16
4367,Zapatos deportivos,790158,150130.02
4329,Vestido de noche,116595,22153.05
3138,Altavoz Bluetooth,749641,142431.79
3343,Refrigerador,187057,35540.83
2938,Reloj inteligente,289219,54951.61
4721,Smartphone,434327,82522.13
3923,Smartphone,170885,32468.15
3991,Reloj inteligente,378425,71900.75
3048,Auriculares inalámbricos,639251,121457.69
4618,Refrigerador,730606,138815.14
4417,Refrigerador,299911,56983.090000000004
3858,Licuadora,467284,88783.96
3599,Altavoz Bluetooth,112455,21366.45
2981,Cafetera,66523,12639.37
4774,Vestido de noche,765955,145531.45
3081,Zapatos deportivos,281895,53560.05
2982,Vestido de noche,307976,58515.44
4059,Máquina de ejercicio,411147,78117.93000000001
2997,Smartphone,105492,20043.48
3471,Smartphone,656711,124775.09
3091,Altavoz Bluetooth,450541,85602.79000000001
4263,Perfume,247562,47036.78
3644,Auriculares inalámbricos,518767,98565.73
4030,Tableta,512011,97282.09
4165,Impresora láser,638061,121231.59
4132,Cafetera,408054,77530.26
3783,Cámara digital,104804,19912.760000000002
4848,Juego de sartenes,599709,113944.71
3253,Vestido de noche,551883,104857.77
4365,Cafetera,729985,138697.15
5130,Impresora láser,742091,140997.29
4048,Bicicleta de montaña,381171,72422.49
4108,Cafetera,554082,105275.58
4037,Cámara digital,163995,31159.05
3171,Impresora láser,713553,135575.07
3431,Vestido de noche,573337,108934.03
3315,Impresora láser,652549,123984.31
3490,Smartphone,653179,124104.01
4278,Perfume,149861,28473.59
3314,Impresora láser,721835,137148.65
3513,Máquina de ejercicio,503846,95730.74
4635,Cafetera,128133,24345.27
4697,Tableta,745598,141663.62
5144,Perfume,702739,133520.41
4861,Cafetera,93419,17749.61
4533,Laptop,160960,30582.4
3232,Perfume,162938,30958.22
4927,Perfume,502655,95504.45
3495,Smartphone,532556,101185.64
4025,Maleta de viaje,335093,63667.67
4327,Gafas de sol,362923,68955.37
4200,Zapatos deportivos,443579,84280.01
4499,Juego de sartenes,453268,86120.92
3437,Licuadora,401002,76190.38
2772,Televisor LED,597125,113453.75
4433,Cafetera,562481,106871.39
4996,Perfume,696856,132402.64
3552,Maleta de viaje,422760,80324.4
5099,Máquina de ejercicio,512914,97453.66
2794,Tableta,469691,89241.29000000001
2802,Cafetera,360631,68519.89
4107,Zapatos deportivos,344737,65500.03
3600,Cafetera,413457,78556.83
5203,Laptop,106415,20218.85
4541,Altavoz Bluetooth,299492,56903.48
5038,Vestido de noche,456802,86792.38
3806,Gafas de sol,185956,35331.64
3595,Máquina de ejercicio,333909,63442.71
4829,Reloj inteligente,437092,83047.48
3352,Auriculares inalámbricos,346971,65924.49
4030,Bicicleta de montaña,241430,45871.7
4952,Laptop,799096,151828.24
3973,Bicicleta de montaña,674020,128063.8
4301,Máquina de ejercicio,67966,12913.54
3828,Altavoz Bluetooth,750176,142533.44
4541,Televisor LED,366291,69595.29
3373,Tableta,363031,68975.89
3205,Cafetera,63959,12152.210000000001
3620,Perfume,566795,107691.05
3964,Perfume,484322,92021.18000000001
4838,Smartphone,140494,26693.86
5006,Auriculares inalámbricos,642586,122091.34
5190,Altavoz Bluetooth,706530,134240.7
5141,Smartphone,60146,11427.74
3089,Reloj inteligente,369298,70166.62
4468,Impresora láser,273439,51953.41
5136,Bicicleta de montaña,88757,16863.83
3152,Maleta de viaje,566444,107624.36
2743,Gafas de sol,157915,30003.85
5362,Cafetera,732742,139220.98
3878,Cámara digital,215593,40962.67
3511,Cámara digital,232251,44127.69
4131,Licuadora,166875,31706.25
4260,Reloj inteligente,666764,126685.16
4014,Juego de sartenes,109004,20710.760000000002
5355,Tableta,406127,77164.13
4946,Altavoz Bluetooth,547408,104007.52
3741,Maleta de viaje,397218,75471.42
4170,Televisor LED,213881,40637.39
3602,Perfume,106266,20190.54
2827,Licuadora,314304,59717.76
4741,Licuadora,580474,110290.06
3448,Reloj inteligente,233953,44451.07
4781,Cafetera,274484,52151.96
3608,Cafetera,384802,73112.38
4304,Impresora láser,226053,42950.07
3904,Cafetera,543381,103242.39
3300,Altavoz Bluetooth,585926,111325.94
4730,Impresora láser,522641,99301.79000000001
4914,Televisor LED,694966,132043.54
2830,Bicicleta de montaña,695941,132228.79
3220,Televisor LED,487082,92545.58
3161,Perfume,422458,80267.02
3205,Reloj inteligente,487682,92659.58
2755,Vestido de noche,290808,55253.520000000004
3031,Televisor LED,391580,74400.2
4644,Maleta de viaje,755263,143499.97
3442,Bicicleta de montaña,282068,53592.92
4307,Cafetera,759302,144267.38
3527,Televisor LED,148212,28160.28
3087,Tableta,485693,92281.67
2795,Cámara digital,103051,19579.69
3716,Máquina de ejercicio,653363,124138.97
4306,Bicicleta de montaña,322327,61242.13
4999,Maleta de viaje,202885,38548.15
3346,Juego de sartenes,227657,43254.83
4370,Gafas de sol,494364,93929.16
5272,Perfume,622514,118277.66
2848,Juego de sartenes,634970,120644.3
4211,Smartphone,124061,23571.59
3406,Impresora láser,734238,139505.22
2857,Refrigerador,577035,109636.65
4068,Laptop,560727,106538.13
4795,Reloj inteligente,500014,95002.66
4218,Auriculares inalámbricos,466365,88609.35
4198,Zapatos deportivos,196399,37315.81
4303,Laptop,283266,53820.54
4051,Gafas de sol,358597,68133.43000000001
3268,Laptop,571429,108571.51
4964,Vestido de noche,397531,75530.89
4367,Vestido de noche,191434,36372.46
3781,Impresora láser,493696,93802.24
4621,Laptop,635670,120777.3
3742,Impresora láser,633088,120286.72
3248,Maleta de viaje,320671,60927.49
5123,Televisor LED,373969,71054.11
5268,Reloj inteligente,309020,58713.8
4800,Maleta de viaje,255733,48589.270000000004
4078,Bicicleta de montaña,781275,148442.25
4611,Reloj inteligente,123729,23508.510000000002
3697,Gafas de sol,533468,101358.92
3241,Vestido de noche,98211,18660.09
2738,Juego de sartenes,154531,29360.89
3642,Tableta,498749,94762.31
3664,Vestido de noche,50790,9650.1
5317,Juego de sartenes,589959,112092.21
3929,Gafas de sol,269211,51150.090000000004
2889,Licuadora,102655,19504.45
4107,Refrigerador,726106,137960.14
3393,Laptop,658852,125181.88
3426,Altavoz Bluetooth,669416,127189.04000000001
4843,Cámara digital,64623,12278.37
4368,Cámara digital,356940,67818.6
3309,Vestido de noche,340134,64625.46
3200,Máquina de ejercicio,709349,134776.31
4658,Gafas de sol,706471,134229.49
5387,Smartphone,696969,132424.11000000002
3131,Laptop,771604,146604.76
4380,Bicicleta de montaña,128203,24358.57
4645,Auriculares inalámbricos,690696,131232.24
4104,Televisor LED,377795,71781.05
5075,Altavoz Bluetooth,69779,13258.01
4081,Tableta,520772,98946.68000000001
3632,Reloj inteligente,132333,25143.27
4955,Vestido de noche,281757,53533.83
3621,Smartphone,550033,104506.27
3863,Tableta,156651,29763.69
2886,Televisor LED,126461,24027.59
3932,Máquina de ejercicio,697977,132615.63
5330,Altavoz Bluetooth,331156,62919.64
5072,Tableta,791280,150343.2
3775,Televisor LED,535972,101834.68000000001
2731,Laptop,242184,46014.96
5237,Licuadora,589802,112062.38
4493,Licuadora,229994,43698.86
3781,Zapatos deportivos,778009,147821.71
2995,Zapatos deportivos,659613,125326.47
4915,Refrigerador,175254,33298.26
4820,Bicicleta de montaña,420128,79824.32
3127,Licuadora,102050,19389.5
3057,Cámara digital,719751,136752.69
4070,Televisor LED,118278,22472.82
3070,Cafetera,53566,10177.54
4835,Televisor LED,769769,146256.11000000002
3109,Reloj inteligente,755180,143484.2
3079,Laptop,637113,121051.47
2861,Máquina de ejercicio,635151,120678.69
3007,Impresora láser,209597,39823.43
5339,Juego de sartenes,495481,94141.39
5329,Bicicleta de montaña,230248,43747.12
3342,Televisor LED,513539,97572.41
4946,Maleta de viaje,472864,89844.16
3387,Cámara digital,422961,80362.59
4402,Laptop,213720,40606.8
3276,Cafetera,364748,69302.12
3244,Maleta de viaje,62848,11941.12
5032,Refrigerador,349818,66465.42
3294,Altavoz Bluetooth,473511,89967.09
2796,Máquina de ejercicio,657310,124888.90000000001
5323,Reloj inteligente,422947,80359.93000000001
3480,Bicicleta de montaña,608628,115639.32
3193,Perfume,413684,78599.96
3935,Licuadora,725133,137775.27
5157,Reloj inteligente,432594,82192.86
3834,Auriculares inalámbricos,633685,120400.15
3439,Tableta,108244,20566.36
2884,Impresora láser,284249,54007.31
4216,Cámara digital,113096,21488.24
4822,Zapatos deportivos,544109,103380.71
4127,Maleta de viaje,101098,19208.62
4833,Auriculares inalámbricos,562042,106787.98
5074,Maleta de viaje,612958,116462.02
4106,Bicicleta de montaña,602393,114454.67
4463,Laptop,799890,151979.1
4834,Auriculares inalámbricos,384745,73101.55
3789,Refrigerador,312471,59369.49
3355,Vestido de noche,494339,93924.41
4587,Bicicleta de montaña,690806,131253.14
2822,Gafas de sol,789719,150046.61000000002
3660,Auriculares inalámbricos,355889,67618.91
3521,Reloj inteligente,296178,56273.82
3218,Gafas de sol,99921,18984.99
4390,Tableta,536395,101915.05
2846,Maleta de viaje,283260,53819.4
4802,Licuadora,203177,38603.63
4006,Laptop,392546,74583.74
4784,Licuadora,177296,33686.24
3890,Impresora láser,103886,19738.34
4198,Licuadora,374712,71195.28
5108,Vestido de noche,195508,37146.52
5293,Cámara digital,693793,131820.67
5161,Licuadora,514847,97820.93000000001
3732,Zapatos deportivos,503276,95622.44
5124,Reloj inteligente,550094,104517.86
3592,Smartphone,514366,97729.54000000001
3436,Auriculares inalámbricos,251590,47802.1
5298,Licuadora,263400,50046.0
2978,Perfume,504835,95918.65
5039,Zapatos deportivos,445954,84731.26
3330,Zapatos deportivos,56322,10701.18
5074,Impresora láser,421476,80080.44
4963,Cafetera,751879,142857.01
4786,Máquina de ejercicio,103878,19736.82
4832,Cafetera,535174,101683.06
3170,Cafetera,316295,60096.05
4233,Vestido de noche,744128,141384.32
3209,Reloj inteligente,515538,97952.22
4623,Refrigerador,61268,11640.92
3360,Gafas de sol,266450,50625.5
3558,Bicicleta de montaña,64501,12255.19
5243,Refrigerador,539668,102536.92
3015,Refrigerador,277141,52656.79
5318,Tableta,685295,130206.05
4342,Perfume,717248,136277.12
3792,Perfume,564351,107226.69
3975,Tableta,59410,11287.9
5373,Gafas de sol,278705,52953.95
2810,Bicicleta de montaña,274893,52229.67
3115,Televisor LED,500438,95083.22
2764,Reloj inteligente,217347,41295.93
4771,Televisor LED,755700,143583.0
2798,Vestido de noche,438442,83303.98
3843,Reloj inteligente,508396,96595.24
5094,Máquina de ejercicio,477845,90790.55
3806,Máquina de ejercicio,577834,109788.46
3458,Juego de sartenes,170730,32438.7
5309,Maleta de viaje,360732,68539.08
4735,Gafas de sol,232564,44187.16
5262,Zapatos deportivos,646112,122761.28
5245,Gafas de sol,172952,32860.88
3137,Vestido de noche,68140,12946.6
5084,Licuadora,134462,25547.78
2846,Smartphone,224434,42642.46
4020,Altavoz Bluetooth,740567,140707.73
4750,Máquina de ejercicio,121725,23127.75
3324,Altavoz Bluetooth,737427,140111.13
5020,Impresora láser,619559,117716.21
3558,Smartphone,770155,146329.45
3054,Refrigerador,427912,81303.28
4894,Juego de sartenes,91407,17367.33
4295,Perfume,116390,22114.1
4004,Bicicleta de montaña,768969,146104.11000000002
4450,Cámara digital,203251,38617.69
5046,Tableta,464723,88297.37
5352,Cafetera,691821,131445.99
3999,Refrigerador,656956,124821.64
3439,Smartphone,371819,70645.61
5220,Licuadora,685815,130304.85
2835,Cámara digital,339448,64495.12
2733,Smartphone,685370,130220.3
3413,Zapatos deportivos,188906,35892.14
2827,Licuadora,572477,108770.63
4575,Licuadora,736239,139885.41
5018,Smartphone,230068,43712.92
5041,Televisor LED,83915,15943.85
3876,Máquina de ejercicio,130148,24728.12
3640,Cafetera,459012,87212.28
4808,Cafetera,632565,120187.35
3996,Reloj inteligente,743073,141183.87
2699,Refrigerador,642932,122157.08
4580,Laptop,501004,95190.76
3591,Reloj inteligente,411603,78204.57
5257,Refrigerador,614586,116771.34
3630,Gafas de sol,191821,36445.99
5138,Reloj inteligente,735256,139698.64
5017,Bicicleta de montaña,696494,132333.86000000002
4213,Maleta de viaje,154302,29317.38
3956,Maleta de viaje,395811,75204.09
3142,Maleta de viaje,538149,102248.31
4109,Tableta,235351,44716.69
4769,Laptop,597681,113559.39
4334,Bicicleta de montaña,343885,65338.15
2892,Vestido de noche,476417,90519.23
3629,Vestido de noche,456220,86681.8
3996,Impresora láser,140693,26731.670000000002
2834,Bicicleta de montaña,489054,92920.26
3863,Juego de sartenes,590870,112265.3
5209,Gafas de sol,799640,151931.6
5351,Maleta de viaje,621383,118062.77
2992,Gafas de sol,505432,96032.08
4110,Smartphone,317808,60383.520000000004
3822,Tableta,751715,142825.85
3144,Altavoz Bluetooth,69990,13298.1
4682,Auriculares inalámbricos,466332,88603.08
3889,Vestido de noche,329826,62666.94
4703,Tableta,474298,90116.62
3988,Licuadora,174040,33067.6
4629,Auriculares inalámbricos,731638,139011.22
4471,Cafetera,155089,29466.91
5065,Vestido de noche,249705,47443.95
3358,Perfume,391354,74357.26
3659,Reloj inteligente,188044,35728.36
4881,Zapatos deportivos,580812,110354.28
5291,Altavoz Bluetooth,269294,51165.86
3533,Smartphone,550276,104552.44
5216,Cafetera,627582,119240.58
3894,Tableta,179357,34077.83
5421,Cámara digital,581313,110449.47
3052,Licuadora,271139,51516.41
4324,Licuadora,361400,68666.0
2807,Laptop,726679,138069.01
5370,Zapatos deportivos,277915,52803.85
4301,Smartphone,325853,61912.07
3530,Bicicleta de montaña,170664,32426.16
3697,Perfume,637682,121159.58
3530,Gafas de sol,698419,132699.61000000002
3934,Reloj inteligente,702067,133392.73
3192,Máquina de ejercicio,713930,135646.7
4634,Laptop,362000,68780.0
4863,Refrigerador,139021,26413.99
4578,Televisor LED,540610,102715.9
4112,Zapatos deportivos,304200,57798.0
4771,Refrigerador,683980,129956.2
5303,Perfume,556640,105761.6
3338,Zapatos deportivos,225849,42911.31
4256,Laptop,747398,142005.62
4585,Perfume,752806,143033.14
4265,Maleta de viaje,710130,134924.7
4065,Impresora láser,698507,132716.33
3290,Auriculares inalámbricos,221477,42080.63
4147,Perfume,120221,22841.99
4572,Licuadora,726044,137948.36000000002
3357,Máquina de ejercicio,576881,109607.39
4469,Maleta de viaje,328633,62440.270000000004
3139,Televisor LED,98791,18770.29
3568,Máquina de ejercicio,190114,36121.66
2740,Bicicleta de montaña,253322,48131.18
2898,Refrigerador,117687,22360.53
2725,Juego de sartenes,610228,115943.32
2862,Smartphone,118384,22492.96
3652,Gafas de sol,683867,129934.73
4289,Bicicleta de montaña,414953,78841.07
3309,Televisor LED,611333,116153.27
4720,Zapatos deportivos,642609,122095.71
4702,Smartphone,527566,100237.54000000001
5110,Juego de sartenes,119576,22719.44
4124,Licuadora,576984,109626.96
2728,Reloj inteligente,630567,119807.73
4788,Smartphone,184806,35113.14
4718,Juego de sartenes,792751,150622.69
5355,Tableta,198407,37697.33
4473,Bicicleta de montaña,123003,23370.57
3424,Laptop,795447,151134.93
4920,Zapatos deportivos,158144,30047.36
3937,Zapatos deportivos,396635,75360.65
3772,Reloj inteligente,655269,124501.11
3480,Tableta,409533,77811.27
3161,Bicicleta de montaña,577171,109662.49
5140,Altavoz Bluetooth,315010,59851.9
3371,Refrigerador,87723,16667.37
4301,Juego de sartenes,595975,113235.25
3529,Laptop,159049,30219.31
3671,Cafetera,471090,89507.1
2938,Zapatos deportivos,113969,21654.11
3248,Cámara digital,323012,61372.28
4888,Smartphone,162602,30894.38
5231,Refrigerador,230170,43732.3
3529,Bicicleta de montaña,94144,17887.36
4455,Laptop,344498,65454.62
3098,Laptop,177960,33812.4
4333,Vestido de noche,172386,32753.34
3632,Smartphone,394425,74940.75
3087,Televisor LED,318821,60575.99
3869,Perfume,300548,57104.12
2789,Licuadora,300994,57188.86
5407,Smartphone,722005,137180.95
2949,Cafetera,385305,73207.95
3009,Altavoz Bluetooth,348106,66140.14
4682,Maleta de viaje,230522,43799.18
4018,Perfume,197345,37495.55
3821,Gafas de sol,691685,131420.15
3574,Reloj inteligente,681963,129572.97
4931,Reloj inteligente,462197,87817.43000000001
3228,Maleta de viaje,764519,145258.61000000002
2830,Cafetera,258553,49125.07
4457,Perfume,538353,102287.07
5273,Máquina de ejercicio,588226,111762.94
3438,Smartphone,105881,20117.39
5354,Máquina de ejercicio,114157,21689.83
4326,Licuadora,592034,112486.46
4549,Cámara digital,393923,74845.37
5226,Vestido de noche,295129,56074.51
4153,Impresora láser,107744,20471.36
5397,Licuadora,285632,54270.08
3427,Perfume,98626,18738.94
4020,Maleta de viaje,685032,130156.08
4691,Bicicleta de montaña,459933,87387.27
3494,Gafas de sol,679628,129129.32
4322,Tableta,530272,100751.68000000001
3374,Licuadora,480493,91293.67
4753,Altavoz Bluetooth,328723,62457.37
4825,Cafetera,233583,44380.770000000004
2965,Auriculares inalámbricos,491396,93365.24
4835,Vestido de noche,212989,40467.91
5091,Juego de sartenes,155928,29626.32
4152,Cámara digital,251566,47797.54
5368,Juego de sartenes,678267,128870.73
5013,Laptop,374108,71080.52
3637,Tableta,740437,140683.03
5297,Televisor LED,468545,89023.55
3960,Cámara digital,569213,108150.47
3907,Gafas de sol,462712,87915.28
3595,Vestido de noche,160176,30433.44
3055,Smartphone,643615,122286.85
4868,Zapatos deportivos,331873,63055.87
3820,Máquina de ejercicio,502250,95427.5
5073,Vestido de noche,64295,12216.05
3516,Cámara digital,373911,71043.09
3940,Tableta,328218,62361.42
3507,Tableta,503031,95575.89
4948,Reloj inteligente,770905,146471.95
5348,Tableta,105048,19959.12
2936,Reloj inteligente,745946,141729.74
2996,Laptop,434124,82483.56
5039,Bicicleta de montaña,385271,73201.49
2843,Máquina de ejercicio,296258,56289.020000000004
4507,Refrigerador,74934,14237.460000000001
5303,Perfume,493082,93685.58
3254,Máquina de ejercicio,405337,77014.03
5113,Televisor LED,231550,43994.5
3627,Vestido de noche,784819,149115.61000000002
3437,Laptop,377748,71772.12
4792,Auriculares inalámbricos,670302,127357.38
3852,Refrigerador,54511,10357.09
4708,Altavoz Bluetooth,54358,10328.02
5295,Laptop,781271,148441.49
4208,Laptop,474553,90165.07
5318,Bicicleta de montaña,141017,26793.23
4997,Máquina de ejercicio,349530,66410.7
3193,Refrigerador,602506,114476.14
5167,Cafetera,95845,18210.55
3736,Máquina de ejercicio,594207,112899.33
2806,Máquina de ejercicio,576573,109548.87
2997,Laptop,156089,29656.91
4874,Cámara digital,414310,78718.9
4974,Juego de sartenes,117640,22351.6
4402,Cafetera,234262,44509.78
4392,Licuadora,729649,138633.31
3848,Licuadora,780322,148261.18
3255,Perfume,434414,82538.66
4480,Refrigerador,653580,124180.2
3331,Máquina de ejercicio,766927,145716.13
4855,Altavoz Bluetooth,256929,48816.51
2939,Laptop,604447,114844.93000000001
3573,Televisor LED,113807,21623.33
4045,Vestido de noche,203937,38748.03
5248,Auriculares inalámbricos,778778,147967.82
5304,Tableta,253970,48254.3
3991,Auriculares inalámbricos,458593,87132.67
5295,Impresora láser,616442,117123.98
3767,Bicicleta de montaña,732197,139117.43
4113,Smartphone,327699,62262.81
4745,Reloj inteligente,798700,151753.0
4277,Bicicleta de montaña,348123,66143.37
3627,Refrigerador,494043,93868.17
4461,Reloj inteligente,217527,41330.13
2862,Impresora láser,360548,68504.12
3478,Refrigerador,750971,142684.49
3508,Impresora láser,539477,102500.63
3582,Juego de sartenes,92866,17644.54
3120,Altavoz Bluetooth,319885,60778.15
3391,Reloj inteligente,479874,91176.06
3666,Perfume,766756,145683.64
5236,Perfume,584395,111035.05
5379,Auriculares inalámbricos,342666,65106.54
2873,Vestido de noche,799012,151812.28
4625,Impresora láser,344279,65413.01
4854,Bicicleta de montaña,649898,123480.62
2898,Impresora láser,481636,91510.84
5406,Refrigerador,603485,114662.15
3385,Smartphone,634474,120550.06
4287,Máquina de ejercicio,753605,143184.95
4914,Cafetera,302046,57388.74
4399,Maleta de viaje,244333,46423.270000000004
2910,Gafas de sol,781469,148479.11000000002
3573,Máquina de ejercicio,472061,89691.59
3143,Zapatos deportivos,170427,32381.13
4022,Maleta de viaje,484149,91988.31
3778,Televisor LED,314720,59796.8
5265,Zapatos deportivos,516517,98138.23
3199,Auriculares inalámbricos,265077,50364.63
4886,Zapatos deportivos,73148,13898.12
3113,Tableta,324186,61595.340000000004
4059,Cafetera,596498,113334.62
4948,Cafetera,299726,56947.94
4589,Impresora láser,204170,38792.3
3159,Bicicleta de montaña,604672,114887.68000000001
2902,Impresora láser,734542,139562.98
3831,Cámara digital,422888,80348.72
4915,Reloj inteligente,564921,107334.99
3313,Refrigerador,379561,72116.59
4292,Perfume,431836,82048.84
5083,Máquina de ejercicio,772211,146720.09
3711,Zapatos deportivos,211151,40118.69
4279,Tableta,610958,116082.02
3987,Máquina de ejercicio,322043,61188.17
5324,Vestido de noche,669449,127195.31
5164,Altavoz Bluetooth,505704,96083.76
4674,Perfume,347797,66081.43000000001
3122,Cámara digital,169507,32206.33
3842,Perfume,154395,29335.05
4642,Laptop,580949,110380.31
4972,Cámara digital,680787,129349.53
2963,Tableta,89725,17047.75
4121,Maleta de viaje,546730,103878.7
4323,Tableta,769893,146279.67
4563,Reloj inteligente,634851,120621.69
3995,Juego de sartenes,650672,123627.68000000001
3306,Refrigerador,186643,35462.17
4436,Cafetera,710229,134943.51
5139,Televisor LED,55456,10536.64
3144,Reloj inteligente,663388,126043.72
4717,Reloj inteligente,99132,18835.08
5388,Licuadora,95034,18056.46
5253,Cámara digital,192794,36630.86
4057,Vestido de noche,286775,54487.25
2741,Tableta,394412,74938.28
4004,Reloj inteligente,503509,95666.71
2925,Perfume,675422,128330.18000000001
4446,Televisor LED,417851,79391.69
3860,Licuadora,650085,123516.15
4066,Televisor LED,642045,121988.55
3027,Smartphone,519164,98641.16
4363,Televisor LED,235020,44653.8
4317,Bicicleta de montaña,348483,66211.77
4012,Reloj inteligente,686064,130352.16
4423,Televisor LED,667924,126905.56
4999,Gafas de sol,263891,50139.29
2962,Auriculares inalámbricos,480197,91237.43000000001
5431,Televisor LED,192699,36612.81
4120,Cámara digital,269743,51251.17
4839,Vestido de noche,162989,30967.91
3508,Auriculares inalámbricos,313003,59470.57
5390,Licuadora,596369,113310.11
5072,Maleta de viaje,237366,45099.54
2855,Refrigerador,578108,109840.52
3127,Cafetera,556363,105708.97
2905,Impresora láser,202561,38486.590000000004
3106,Licuadora,136805,25992.95
3358,Zapatos deportivos,258800,49172.0
3535,Televisor LED,530701,100833.19
4861,Cafetera,344871,65525.49
4006,Smartphone,202675,38508.25
5282,Smartphone,374153,71089.07
4322,Vestido de noche,775020,147253.8
4082,Auriculares inalámbricos,265519,50448.61
2866,Laptop,600523,114099.37
5003,Reloj inteligente,339245,64456.55
4368,Auriculares inalámbricos,325143,61777.17
2989,Altavoz Bluetooth,361120,68612.8
3890,Televisor LED,655705,124583.95
2822,Maleta de viaje,721081,137005.39
3368,Impresora láser,244789,46509.91
3063,Maleta de viaje,239789,45559.91
2701,Tableta,476274,90492.06
4331,Reloj inteligente,398025,75624.75
3809,Zapatos deportivos,624556,118665.64
5083,Altavoz Bluetooth,428901,81491.19
5009,Vestido de noche,96746,18381.74
4146,Gafas de sol,95225,18092.75
5277,Laptop,598753,113763.07
3548,Reloj inteligente,400651,76123.69
3202,Auriculares inalámbricos,481921,91564.99
4490,Impresora láser,278047,52828.93
3722,Vestido de noche,263819,50125.61
3547,Televisor LED,799876,151976.44
4578,Cámara digital,667475,126820.25
4880,Gafas de sol,333303,63327.57
5291,Gafas de sol,699091,132827.29
4973,Cafetera,720109,136820.71
5003,Refrigerador,633017,120273.23
2744,Televisor LED,695447,132134.93
3661,Máquina de ejercicio,497965,94613.35
2770,Reloj inteligente,260521,49498.99
4458,Cafetera,626745,119081.55
3497,Juego de sartenes,674502,128155.38
2702,Licuadora,272918,51854.42
3513,Cafetera,482642,91701.98
5052,Refrigerador,219010,41611.9
3634,Máquina de ejercicio,354141,67286.79
4945,Juego de sartenes,120559,22906.21
4129,Bicicleta de montaña,353335,67133.65
3362,Auriculares inalámbricos,303955,57751.45
4473,Licuadora,104472,19849.68
2795,Vestido de noche,255905,48621.95
2726,Refrigerador,684851,130121.69
3460,Tableta,432030,82085.7
4295,Cafetera,168903,32091.57
5155,Tableta,295263,56099.97
2870,Licuadora,738420,140299.8
3210,Altavoz Bluetooth,690871,131265.49
5301,Smartphone,198021,37623.99
2757,Licuadora,757354,143897.26
2999,Máquina de ejercicio,154387,29333.53
4529,Smartphone,587343,111595.17
3279,Zapatos deportivos,415003,78850.57
4379,Licuadora,611639,116211.41
4380,Licuadora,420452,79885.88
3817,Smartphone,469717,89246.23
3625,Cámara digital,480132,91225.08
2715,Vestido de noche,486720,92476.8
2900,Cámara digital,323849,61531.31
3733,Maleta de viaje,159902,30381.38
4751,Zapatos deportivos,710513,134997.47
3948,Zapatos deportivos,271163,51520.97
3069,Impresora láser,266744,50681.36
5119,Bicicleta de montaña,531322,100951.18000000001
4051,Impresora láser,157388,29903.72
3954,Bicicleta de montaña,714086,135676.34
4383,Refrigerador,258638,49141.22
4533,Maleta de viaje,102479,19471.010000000002
4919,Perfume,198228,37663.32
4204,Auriculares inalámbricos,470274,89352.06
2746,Laptop,464311,88219.09
3626,Reloj inteligente,180876,34366.44
3170,Laptop,435880,82817.2
3870,Refrigerador,264184,50194.96
4283,Zapatos deportivos,625704,118883.76
4024,Bicicleta de montaña,776242,147485.98
2820,Altavoz Bluetooth,527773,100276.87
3282,Auriculares inalámbricos,618215,117460.85
5070,Reloj inteligente,590561,112206.59
5408,Gafas de sol,705849,134111.31
4826,Televisor LED,181032,34396.08
5171,Juego de sartenes,676613,128556.47
5381,Altavoz Bluetooth,134276,25512.44
2722,Refrigerador,268295,50976.05
4375,Vestido de noche,292130,55504.7
3915,Laptop,172895,32850.05
3051,Smartphone,62844,11940.36
5329,Altavoz Bluetooth,330700,62833.0
4095,Máquina de ejercicio,336103,63859.57
4842,Bicicleta de montaña,250297,47556.43
4025,Smartphone,219465,41698.35
5236,Televisor LED,470347,89365.93000000001
4138,Bicicleta de montaña,713090,135487.1
4670,Smartphone,334032,63466.08
4447,Juego de sartenes,539139,102436.41
4649,Refrigerador,265584,50460.96
5374,Maleta de viaje,52449,9965.31
3200,Altavoz Bluetooth,607694,115461.86
3620,Juego de sartenes,418074,79434.06
3727,Vestido de noche,65912,12523.28
2902,Zapatos deportivos,396363,75308.97
4990,Altavoz Bluetooth,68218,12961.42
2801,Impresora láser,648492,123213.48
3717,Perfume,601669,114317.11
4610,Maleta de viaje,102413,19458.47
4086,Vestido de noche,466786,88689.34
5271,Licuadora,602039,114387.41
4143,Vestido de noche,434201,82498.19
3301,Gafas de sol,590237,112145.03
3848,Zapatos deportivos,755891,143619.29
5156,Zapatos deportivos,624965,118743.35
3760,Juego de sartenes,256677,48768.63
5378,Reloj inteligente,154611,29376.09
3014,Cafetera,410434,77982.46
4944,Altavoz Bluetooth,784461,149047.59
5378,Cafetera,117444,22314.36
5041,Juego de sartenes,62433,11862.27
4507,Impresora láser,376075,71454.25
4435,Máquina de ejercicio,421847,80150.93000000001
5167,Auriculares inalámbricos,546937,103918.03
3068,Vestido de noche,509731,96848.89
2990,Impresora láser,365497,69444.43000000001
5293,Refrigerador,687101,130549.19
3700,Vestido de noche,291709,55424.71
2892,Gafas de sol,723583,137480.77
4880,Bicicleta de montaña,434501,82555.19
5287,Auriculares inalámbricos,440533,83701.27
5252,Vestido de noche,542316,103040.04000000001
3034,Vestido de noche,545117,103572.23
4746,Vestido de noche,517513,98327.47
2735,Cafetera,169387,32183.53
5141,Altavoz Bluetooth,208737,39660.03
3142,Licuadora,191613,36406.47
4703,Perfume,180608,34315.52
4256,Bicicleta de montaña,144357,27427.83
4198,Vestido de noche,430680,81829.2
3615,Smartphone,409274,77762.06
5246,Laptop,184726,35097.94
4019,Laptop,481131,91414.89
3890,Licuadora,729386,138583.34
4018,Impresora láser,587921,111704.99
4439,Televisor LED,117311,22289.09
4692,Máquina de ejercicio,159695,30342.05
3374,Refrigerador,323853,61532.07
4240,Bicicleta de montaña,220037,41807.03
3242,Licuadora,722412,137258.28
4251,Zapatos deportivos,664351,126226.69
4279,Gafas de sol,230350,43766.5
3615,Cafetera,686481,130431.39
3578,Reloj inteligente,528410,100397.9
3154,Juego de sartenes,121002,22990.38
5129,Altavoz Bluetooth,238196,45257.24
3139,Perfume,377919,71804.61
3234,Licuadora,159992,30398.48
4444,Gafas de sol,95003,18050.57
4536,Reloj inteligente,390745,74241.55
2886,Auriculares inalámbricos,78130,14844.7
4943,Zapatos deportivos,181633,34510.27
3732,Bicicleta de montaña,595400,113126.0
4315,Reloj inteligente,351169,66722.11
4697,Reloj inteligente,457738,86970.22
4492,Televisor LED,694849,132021.31
3105,Tableta,677872,128795.68000000001
3664,Laptop,513118,97492.42
3343,Licuadora,168126,31943.94
4497,Impresora láser,690935,131277.65
4620,Cafetera,258623,49138.37
3153,Tableta,111712,21225.28
4771,Altavoz Bluetooth,445552,84654.88
3713,Gafas de sol,751898,142860.62
4969,Smartphone,464912,88333.28
5128,Auriculares inalámbricos,531102,100909.38
3825,Reloj inteligente,429213,81550.47
5310,Máquina de ejercicio,248883,47287.770000000004
4682,Gafas de sol,212056,40290.64
3574,Vestido de noche,73062,13881.78
3782,Cámara digital,753277,143122.63
4910,Laptop,476794,90590.86
3329,Laptop,444068,84372.92
4270,Televisor LED,549015,104312.85
3662,Auriculares inalámbricos,734384,139532.96
3182,Máquina de ejercicio,730585,138811.15
3931,Reloj inteligente,666363,126608.97
3478,Juego de sartenes,515282,97903.58
4303,Impresora láser,508811,96674.09
4817,Altavoz Bluetooth,757683,143959.77
3814,Cafetera,289057,54920.83
3670,Maleta de viaje,722990,137368.1
4670,Televisor LED,219995,41799.05
4174,Altavoz Bluetooth,680048,129209.12
5319,Cámara digital,151147,28717.93
3437,Cámara digital,442517,84078.23
5328,Cámara digital,690197,131137.43
2779,Vestido de noche,85993,16338.67
4729,Cámara digital,659532,125311.08
4822,Impresora láser,361817,68745.23
2815,Laptop,643583,122280.77
3389,Auriculares inalámbricos,249411,47388.090000000004
3630,Máquina de ejercicio,229012,43512.28
3514,Cámara digital,445387,84623.53
3377,Maleta de viaje,197603,37544.57
3180,Tableta,200332,38063.08
3207,Máquina de ejercicio,371451,70575.69
4489,Impresora láser,369437,70193.03
4271,Licuadora,130223,24742.37
3078,Altavoz Bluetooth,147915,28103.85
5318,Altavoz Bluetooth,716958,136222.02
3095,Televisor LED,215470,40939.3
5066,Cámara digital,425284,80803.96
4658,Cámara digital,79645,15132.55
5402,Smartphone,157633,29950.27
4913,Bicicleta de montaña,640341,121664.79000000001
3808,Perfume,62481,11871.39
5014,Licuadora,341949,64970.31
5031,Reloj inteligente,397808,75583.52
3003,Reloj inteligente,626009,118941.71
3313,Licuadora,140997,26789.43
4823,Bicicleta de montaña,639432,121492.08
2794,Tableta,251339,47754.41
2977,Reloj inteligente,427038,81137.22
3486,Maleta de viaje,580065,110212.35
5123,Impresora láser,443070,84183.3
3466,Laptop,685572,130258.68000000001
3085,Cámara digital,110609,21015.71
5333,Zapatos deportivos,314153,59689.07
3825,Impresora láser,662058,125791.02
4713,Refrigerador,712304,135337.76
4091,Bicicleta de montaña,555888,105618.72
2996,Gafas de sol,465969,88534.11
2904,Zapatos deportivos,152476,28970.44
2983,Licuadora,716926,136215.94
3126,Cafetera,67542,12832.98
4932,Smartphone,106280,20193.2
4509,Auriculares inalámbricos,573256,108918.64
3170,Zapatos deportivos,117649,22353.31
4086,Refrigerador,369295,70166.05
5247,Máquina de ejercicio,232281,44133.39
5359,Auriculares inalámbricos,595440,113133.6
3664,Impresora láser,466110,88560.9
3918,Perfume,693465,131758.35
4161,Perfume,606511,115237.09
4650,Cafetera,446167,84771.73
4988,Tableta,786214,149380.66
4150,Perfume,225910,42922.9
5317,Refrigerador,383448,72855.12
5285,Cafetera,486997,92529.43000000001
4293,Auriculares inalámbricos,85109,16170.710000000001
3248,Gafas de sol,578853,109982.07
4802,Auriculares inalámbricos,443115,84191.85
3384,Juego de sartenes,271988,51677.72
2808,Licuadora,206934,39317.46
4552,Vestido de noche,343107,65190.33
2759,Zapatos deportivos,771250,146537.5
3266,Maleta de viaje,751738,142830.22
3767,Refrigerador,742711,141115.09
2972,Zapatos deportivos,231709,44024.71
3510,Laptop,398194,75656.86
3385,Cámara digital,612674,116408.06
2745,Cámara digital,592399,112555.81
4300,Zapatos deportivos,133688,25400.72
2819,Refrigerador,622815,118334.85
4771,Licuadora,746751,141882.69
4756,Vestido de noche,709967,134893.73
5012,Impresora láser,142954,27161.260000000002
5390,Vestido de noche,348874,66286.06
5013,Reloj inteligente,87944,16709.36
3619,Máquina de ejercicio,413138,78496.22
3516,Televisor LED,172995,32869.05
4734,Gafas de sol,767718,145866.42
3902,Smartphone,247794,47080.86
3979,Licuadora,312424,59360.56
3919,Máquina de ejercicio,574511,109157.09
2831,Maleta de viaje,622507,118276.33
5302,Refrigerador,577776,109777.44
3841,Cámara digital,737765,140175.35
4505,Smartphone,565586,107461.34
4079,Reloj inteligente,731475,138980.25
3828,Cámara digital,83804,15922.76
4031,Laptop,623712,118505.28
4989,Refrigerador,460507,87496.33
4798,Licuadora,768864,146084.16
3296,Auriculares inalámbricos,536484,101931.96
4840,Juego de sartenes,230739,43840.41
3652,Laptop,643768,122315.92
4235,Licuadora,364066,69172.54
5048,Zapatos deportivos,426849,81101.31
5222,Cafetera,675874,128416.06
3563,Altavoz Bluetooth,217803,41382.57
5064,Máquina de ejercicio,77765,14775.35
4272,Refrigerador,153880,29237.2
3782,Impresora láser,763416,145049.04
5343,Reloj inteligente,319597,60723.43
2948,Cafetera,589448,111995.12
5287,Zapatos deportivos,267330,50792.7
3481,Reloj inteligente,301532,57291.08
5267,Smartphone,737684,140159.96
4631,Perfume,81975,15575.25
4679,Altavoz Bluetooth,468999,89109.81
4843,Tableta,690113,131121.47
4704,Reloj inteligente,471749,89632.31
4177,Reloj inteligente,620420,117879.8
5025,Bicicleta de montaña,777367,147699.73
3551,Laptop,598746,113761.74
3928,Altavoz Bluetooth,515365,97919.35
4324,Reloj inteligente,223637,42491.03
3940,Tableta,100390,19074.1
5036,Juego de sartenes,392687,74610.53
3800,Vestido de noche,279120,53032.8
5344,Zapatos deportivos,666022,126544.18000000001
3368,Tableta,533365,101339.35
4404,Máquina de ejercicio,258335,49083.65
2914,Bicicleta de montaña,174312,33119.28
5338,Refrigerador,765181,145384.39
2846,Reloj inteligente,773272,146921.68
3589,Máquina de ejercicio,73265,13920.35
4428,Laptop,314459,59747.21
2891,Bicicleta de montaña,665662,126475.78
4070,Maleta de viaje,127262,24179.78
5328,Juego de sartenes,177122,33653.18
5422,Vestido de noche,721497,137084.43
5179,Tableta,282229,53623.51
3401,Altavoz Bluetooth,279496,53104.24
3363,Impresora láser,740029,140605.51
3125,Gafas de sol,610674,116028.06
5187,Impresora láser,394945,75039.55
3452,Licuadora,564444,107244.36
3506,Licuadora,249194,47346.86
5085,Máquina de ejercicio,74102,14079.380000000001
5291,Gafas de sol,486825,92496.75
5043,Televisor LED,692763,131624.97
5330,Laptop,333769,63416.11
4770,Cafetera,547205,103968.95
4444,Bicicleta de montaña,215855,41012.45
4916,Zapatos deportivos,756214,143680.66
2832,Vestido de noche,383157,72799.83
4783,Juego de sartenes,631546,119993.74
2973,Zapatos deportivos,311236,59134.840000000004
3955,Altavoz Bluetooth,248957,47301.83
3252,Juego de sartenes,466179,88574.01
5313,Licuadora,219392,41684.48
5142,Maleta de viaje,722437,137263.03
5003,Cámara digital,256986,48827.340000000004
5290,Auriculares inalámbricos,408465,77608.35
4020,Impresora láser,424479,80651.01
3937,Gafas de sol,572286,108734.34
3624,Licuadora,256999,48829.81
4311,Zapatos deportivos,483984,91956.96
5197,Refrigerador,570117,108322.23
3623,Bicicleta de montaña,106036,20146.84
4988,Impresora láser,711094,135107.86000000002
2794,Tableta,489842,93069.98
4909,Zapatos deportivos,170162,32330.78
4527,Altavoz Bluetooth,790487,150192.53
3167,Televisor LED,643283,122223.77
3583,Zapatos deportivos,589326,111971.94
4585,Bicicleta de montaña,632761,120224.59
4554,Perfume,643005,122170.95
2990,Máquina de ejercicio,549766,104455.54000000001
4551,Reloj inteligente,200853,38162.07
2948,Cafetera,56802,10792.380000000001
4187,Zapatos deportivos,358407,68097.33
4663,Gafas de sol,495738,94190.22
4801,Zapatos deportivos,674192,128096.48
4823,Tableta,414321,78720.99
3760,Laptop,236055,44850.45
4522,Perfume,353622,67188.18000000001
4141,Laptop,372429,70761.51
3953,Zapatos deportivos,55248,10497.12
5293,Laptop,795315,151109.85
3037,Impresora láser,589578,112019.82
3602,Vestido de noche,295615,56166.85
3700,Licuadora,436883,83007.77
5272,Cámara digital,246359,46808.21
5299,Gafas de sol,292141,55506.79
3878,Cafetera,160186,30435.34
5044,Refrigerador,205490,39043.1
5356,Gafas de sol,210480,39991.2
5284,Smartphone,337017,64033.23
2841,Tableta,327560,62236.4
5138,Perfume,285915,54323.85
2919,Altavoz Bluetooth,643801,122322.19
4083,Perfume,197768,37575.92
3139,Smartphone,585092,111167.48
3409,Licuadora,221960,42172.4
4271,Smartphone,600660,114125.4
5292,Zapatos deportivos,242564,46087.16
3346,Zapatos deportivos,361470,68679.3
3174,Cafetera,451087,85706.53
3442,Altavoz Bluetooth,761297,144646.43
3998,Gafas de sol,149387,28383.53
2911,Reloj inteligente,438055,83230.45
4170,Bicicleta de montaña,149880,28477.2
4509,Refrigerador,294249,55907.31
4373,Juego de sartenes,395582,75160.58
4662,Auriculares inalámbricos,354158,67290.02
4921,Cámara digital,369482,70201.58
4750,Laptop,205897,39120.43
4277,Smartphone,452250,85927.5
3987,Máquina de ejercicio,722495,137274.05
3558,Televisor LED,754251,143307.69
3461,Gafas de sol,337303,64087.57
3258,Cafetera,557917,106004.23
3601,Máquina de ejercicio,164726,31297.94
4000,Licuadora,129141,24536.79
3120,Juego de sartenes,596848,113401.12
4941,Laptop,327089,62146.91
3255,Altavoz Bluetooth,535361,101718.59
3477,Reloj inteligente,193508,36766.52
4001,Impresora láser,203681,38699.39
2946,Smartphone,444530,84460.7
4087,Auriculares inalámbricos,263385,50043.15
3778,Refrigerador,110958,21082.02
3755,Zapatos deportivos,716258,136089.02
2711,Juego de sartenes,377041,71637.79
3372,Vestido de noche,664389,126233.91
4334,Cafetera,384607,73075.33
3707,Zapatos deportivos,464693,88291.67
4965,Reloj inteligente,168883,32087.77
4614,Smartphone,542399,103055.81
2986,Perfume,455963,86632.97
4633,Tableta,775604,147364.76
3394,Máquina de ejercicio,54508,10356.52
3080,Reloj inteligente,502515,95477.85
4085,Tableta,318027,60425.13
3066,Impresora láser,93010,17671.9
